target,average_temp,out_count,population,num_household,visit,deliver_takeout
31942350,14.4,15601,216755,87464,69.3,14.4
26849500,17.2,13922,216755,87464,69.3,14.4
23176800,18.1,12763,216755,87464,69.3,14.4
22253050,12.2,12439,216755,87464,69.3,14.4
17194550,8,9348,216755,87464,69.3,14.4
20899750,6.5,11625,216755,87464,69.3,14.4
21256950,4.9,10958,216755,87464,69.3,14.4
30557100,6.8,14946,216755,87464,69.3,14.4
25776550,8.9,13475,216755,87464,69.3,14.4
21387150,16.1,11750,216755,87464,69.3,14.4
22638500,12.3,12406,216755,87464,69.3,14.4
20661650,11.5,11678,216755,87464,69.3,14.4
20794200,13.6,11836,216755,87464,69.3,14.4
19340650,8.7,9869,216755,87464,69.3,14.4
32232150,8.9,15988,216755,87464,69.3,14.4
25409900,10.4,13444,216755,87464,69.3,14.4
21520500,11.5,12092,216755,87464,69.3,14.4
22565900,11.2,12601,216755,87464,69.3,14.4
20866800,13.2,11952,216755,87464,69.3,14.4
20840050,17.1,12106,216755,87464,69.3,14.4
23175200,17.1,12199,216755,87464,69.3,14.4
29449800,15.7,14687,216755,87464,69.3,14.4
20507750,10.3,10609,216755,87464,69.3,14.4
24686600,12.2,13475,216755,87464,69.3,14.4
23877550,13.5,13154,216755,87464,69.3,14.4
20891650,14,11863,216755,87464,69.3,14.4
20474050,13.8,11798,216755,87464,69.3,14.4
22570850,14.3,12025,216755,87464,69.3,14.4
31370250,15.1,15694,216755,87464,69.3,14.4
24366800,18.1,13162,216755,87464,69.3,14.4
25427400,20,13615,217927,88011,69.3,14.4
21403100,15.2,11817,217927,88011,69.3,14.4
22576300,11.9,12683,217927,88011,69.3,14.4
23944950,14,13452,217927,88011,69.3,14.4
22820500,18,12417,217927,88011,69.3,14.4
23718550,15.8,11917,217927,88011,69.3,14.4
29908350,18.3,15013,217927,88011,69.3,14.4
24851650,17.2,13551,217927,88011,69.3,14.4
24416500,14.6,13503,217927,88011,69.3,14.4
21556150,14.7,12579,217927,88011,69.3,14.4
21117850,15.6,12288,217927,88011,69.3,14.4
18078250,14.3,9251,217927,88011,69.3,14.4
37598000,14.5,18554,217927,88011,69.3,14.4
27118950,17.4,14336,217927,88011,69.3,14.4
25303600,22.5,13901,217927,88011,69.3,14.4
21415050,23.4,12315,217927,88011,69.3,14.4
21865350,,12220,217927,88011,69.3,14.4
24274950,16.7,13525,217927,88011,69.3,14.4
26828900,17.3,14208,217927,88011,69.3,14.4
32001400,16.7,16212,217927,88011,69.3,14.4
26254550,16.9,14167,217927,88011,69.3,14.4
23405950,18,12446,217927,88011,69.3,14.4
29293050,17,15701,217927,88011,69.3,14.4
24039850,18.2,13530,217927,88011,69.3,14.4
22992500,18.8,13375,217927,88011,69.3,14.4
25265200,19.9,13595,217927,88011,69.3,14.4
34356050,18.7,17675,217927,88011,69.3,14.4
27773950,20.8,15251,217927,88011,69.3,14.4
22179950,20.8,12635,217927,88011,69.3,14.4
25906650,18.7,14714,217927,88011,69.3,14.4
24015100,19.1,14271,217927,88011,69.3,14.4
23839200,21.8,14095,218635,88321,69.3,14.4
26505250,21.2,14429,218635,88321,69.3,14.4
36499800,22.1,18810,218635,88321,69.3,14.4
29333650,21.3,15959,218635,88321,69.3,14.4
23936900,23,14067,218635,88321,69.3,14.4
30443300,21.7,16527,218635,88321,69.3,14.4
25803850,20.5,14896,218635,88321,69.3,14.4
24540450,20.8,14521,218635,88321,69.3,14.4
26440700,22.8,14751,218635,88321,69.3,14.4
36172950,21.3,18822,218635,88321,69.3,14.4
28682350,20.4,15981,218635,88321,69.3,14.4
23091950,20.7,13749,218635,88321,69.3,14.4
29614450,21.5,16697,218635,88321,69.3,14.4
27042350,21.8,15338,218635,88321,69.3,14.4
24963500,21.2,14833,218635,88321,69.3,14.4
27118450,21.2,15041,218635,88321,69.3,14.4
36643750,21.2,19019,218635,88321,69.3,14.4
29674000,23.5,16311,218635,88321,69.3,14.4
27452550,21.6,15878,218635,88321,69.3,14.4
26851100,22,15942,218635,88321,69.3,14.4
25655800,22.9,15103,218635,88321,69.3,14.4
25405900,24.4,15181,218635,88321,69.3,14.4
29540900,23.8,16061,218635,88321,69.3,14.4
38783100,24.8,19914,218635,88321,69.3,14.4
31328400,26.1,17337,218635,88321,69.3,14.4
18537900,22,10274,218635,88321,69.3,14.4
31523900,22.2,18241,218635,88321,69.3,14.4
25367350,23.1,14759,218635,88321,69.3,14.4
27392250,24.3,16294,218635,88321,69.3,14.4
30244200,24.6,16505,218635,88321,69.3,14.4
30561300,21.4,15134,218916,88519,69.3,14.4
33262400,22.7,17758,218916,88519,69.3,14.4
31068900,26.6,17960,218916,88519,69.3,14.4
29575150,26.1,17609,218916,88519,69.3,14.4
26700350,25,16119,218916,88519,69.3,14.4
26282950,23.7,15838,218916,88519,69.3,14.4
28704600,23.8,15906,218916,88519,69.3,14.4
33023800,22.6,17397,218916,88519,69.3,14.4
26663500,20.7,14687,218916,88519,69.3,14.4
30858650,24.4,18008,218916,88519,69.3,14.4
28898200,26.9,17381,218916,88519,69.3,14.4
27476350,27.2,16750,218916,88519,69.3,14.4
26945100,27,16413,218916,88519,69.3,14.4
30912300,27.5,16876,218916,88519,69.3,14.4
41263700,27.4,21147,218916,88519,69.3,14.4
33383350,27.7,18412,218916,88519,69.3,14.4
31244900,26.9,17924,218916,88519,69.3,14.4
31404700,27.3,18378,218916,88519,69.3,14.4
28571200,27.3,17184,218916,88519,69.3,14.4
27640650,27.9,16568,218916,88519,69.3,14.4
30594200,29.2,16928,218916,88519,69.3,14.4
39769950,30.2,20512,218916,88519,69.3,14.4
33458400,30.3,18494,218916,88519,69.3,14.4
29746800,29.9,17387,218916,88519,69.3,14.4
29733750,29.4,17777,218916,88519,69.3,14.4
28325900,29.1,16992,218916,88519,69.3,14.4
28546300,29.7,16999,218916,88519,69.3,14.4
30266400,27.8,16573,218916,88519,69.3,14.4
36937150,29.9,19410,218916,88519,69.3,14.4
30898100,30.6,17081,218916,88519,69.3,14.4
28782300,30.7,16444,218916,88519,69.3,14.4
29481050,31.3,17003,218998,88739,69.3,14.4
27429600,31.5,15883,218998,88739,69.3,14.4
27169550,,15655,218998,88739,69.3,14.4
27828750,29.4,15638,218998,88739,69.3,14.4
33648350,29.2,18455,218998,88739,69.3,14.4
29072450,29.1,16694,218998,88739,69.3,14.4
26709600,29.6,16144,218998,88739,69.3,14.4
28072400,29.8,17106,218998,88739,69.3,14.4
25505650,29,15811,218998,88739,69.3,14.4
24970600,30.4,15492,218998,88739,69.3,14.4
26081050,29.9,15454,218998,88739,69.3,14.4
32596950,29.9,18242,218998,88739,69.3,14.4
27926900,30.2,16725,218998,88739,69.3,14.4
24009450,31.4,15160,218998,88739,69.3,14.4
27255700,31.5,16407,218998,88739,69.3,14.4
26173450,29.2,16316,218998,88739,69.3,14.4
24064100,26.2,15198,218998,88739,69.3,14.4
24671950,25.3,15156,218998,88739,69.3,14.4
33430850,26.7,18813,218998,88739,69.3,14.4
26655400,28.2,16353,218998,88739,69.3,14.4
22907050,25.3,14954,218998,88739,69.3,14.4
26108000,30,17128,218998,88739,69.3,14.4
23253750,28.8,15978,218998,88739,69.3,14.4
20836050,24.5,13668,218998,88739,69.3,14.4
25204000,24.6,15721,218998,88739,69.3,14.4
29940700,20.7,17790,218998,88739,69.3,14.4
23536250,22.1,14514,218998,88739,69.3,14.4
21199850,23.5,13288,218998,88739,69.3,14.4
25843850,25.9,16824,218998,88739,69.3,14.4
22417450,26.3,14624,218998,88739,69.3,14.4
21999500,23.8,14603,218998,88739,69.3,14.4
23453750,24.4,14563,219141,88989,69.3,14.4
31484100,,18749,219141,88989,69.3,14.4
21542850,24,13517,219141,88989,69.3,14.4
25807950,23.3,16423,219141,88989,69.3,14.4
23567750,23.2,15389,219141,88989,69.3,14.4
21575800,23.2,14481,219141,88989,69.3,14.4
20997300,21.1,14126,219141,88989,69.3,14.4
22375550,20.6,14262,219141,88989,69.3,14.4
30820000,20.7,18244,219141,88989,69.3,14.4
25012950,21.8,15736,219141,88989,69.3,14.4
21907350,20.5,14334,219141,88989,69.3,14.4
23309150,21.3,15316,219141,88989,69.3,14.4
22214800,22.4,14651,219141,88989,69.3,14.4
21452500,22.4,14008,219141,88989,69.3,14.4
22596400,21.1,13676,219141,88989,69.3,14.4
33291500,21.6,18945,219141,88989,69.3,14.4
27702850,21.4,16427,219141,88989,69.3,14.4
24172400,20.8,15044,219141,88989,69.3,14.4
25336450,21,15662,219141,88989,69.3,14.4
22415950,19,13427,219141,88989,69.3,14.4
28717550,18.8,16593,219141,88989,69.3,14.4
38813800,20,21166,219141,88989,69.3,14.4
36853500,18.9,20065,219141,88989,69.3,14.4
24248900,16.6,12679,219141,88989,69.3,14.4
24449350,17.2,12451,219141,88989,69.3,14.4
33863649,18.4,17296,219141,88989,69.3,14.4
28304350,18.1,15769,219141,88989,69.3,14.4
22606450,16.7,13744,219141,88989,69.3,14.4
26559050,18.8,15318,219141,88989,69.3,14.4
33895700,16.6,18713,219141,88989,69.3,14.4
26124800,,15026,219219,89231,69.3,14.4
23207100,14.5,14128,219219,89231,69.3,14.4
28389600,15.9,16233,219219,89231,69.3,14.4
25017000,18.7,15017,219219,89231,69.3,14.4
18323450,17,10942,219219,89231,69.3,14.4
26891700,17.6,14748,219219,89231,69.3,14.4
34236300,15.8,18573,219219,89231,69.3,14.4
24989250,13.2,14356,219219,89231,69.3,14.4
25839350,14.4,14810,219219,89231,69.3,14.4
24711250,12.8,14502,219219,89231,69.3,14.4
21675250,9.9,13084,219219,89231,69.3,14.4
21422450,9.9,13130,219219,89231,69.3,14.4
23818050,11.1,13298,219219,89231,69.3,14.4
31697750,12.3,17224,219219,89231,69.3,14.4
25843250,14,14656,219219,89231,69.3,14.4
22931650,13.3,13546,219219,89231,69.3,14.4
24151450,11.3,14309,219219,89231,69.3,14.4
20930000,10.4,12388,219219,89231,69.3,14.4
22964550,12.1,13485,219219,89231,69.3,14.4
13204400,11.6,7443,219219,89231,69.3,14.4
32237800,11.6,17078,219219,89231,69.3,14.4
26068050,12.2,14581,219219,89231,69.3,14.4
22482350,10.7,13087,219219,89231,69.3,14.4
24714650,11.2,14503,219219,89231,69.3,14.4
22612100,12.2,13337,219219,89231,69.3,14.4
20873300,12.3,11944,219219,89231,69.3,14.4
24314300,9.5,12957,219219,89231,69.3,14.4
33348950,9.1,16496,219219,89231,69.3,14.4
27263300,8,14475,219219,89231,69.3,14.4
23478300,6.3,12904,219219,89231,69.3,14.4
24554200,7.1,13780,219219,89231,69.3,14.4
23086850,7.4,12768,219714,89563,69.3,14.4
23586600,9.2,12953,219714,89563,69.3,14.4
25742850,9.9,13304,219714,89563,69.3,14.4
35575650,10,17135,219714,89563,69.3,14.4
28744600,10.4,14419,219714,89563,69.3,14.4
28062950,11.5,14915,219714,89563,69.3,14.4
21712950,13.6,11823,219714,89563,69.3,14.4
16121150,13.2,8245,219714,89563,69.3,14.4
32260300,11.6,15230,219714,89563,69.3,14.4
30967850,10.5,13802,219714,89563,69.3,14.4
38363600,8.1,16661,219714,89563,69.3,14.4
32071150,7.4,14840,219714,89563,69.3,14.4
28731600,7.3,13731,219714,89563,69.3,14.4
29943250,8.4,14544,219714,89563,69.3,14.4
28608500,8.4,13704,219714,89563,69.3,14.4
30407100,8.5,13842,219714,89563,69.3,14.4
33552950,5.2,13898,219714,89563,69.3,14.4
41940100,6.1,17279,219714,89563,69.3,14.4
28592650,6.4,12730,219714,89563,69.3,14.4
22650900,5.9,10715,219714,89563,69.3,14.4
20540100,5.4,9552,219714,89563,69.3,14.4
25758000,2.4,11436,219714,89563,69.3,14.4
27305500,1.2,12123,219714,89563,69.3,14.4
30418350,3.7,12346,219714,89563,69.3,14.4
41321350,5.8,16644,219714,89563,69.3,14.4
32220350,5.5,13924,219714,89563,69.3,14.4
26435000,6.8,12355,219714,89563,69.3,14.4
28087150,5.1,13172,219714,89563,69.3,14.4
24725000,3.8,12498,219714,89563,69.3,14.4
26061150,2.4,12669,219714,89563,69.3,14.4
28248400,4.3,12879,220070,89860,69.3,14.4
38482000,7.4,16930,220070,89860,69.3,14.4
28041050,11.9,12954,220070,89860,69.3,14.4
27607600,7.6,13432,220070,89860,69.3,14.4
25176800,1.8,13005,220070,89860,69.3,14.4
23701700,2.6,12111,220070,89860,69.3,14.4
20054450,-5.8,10525,220070,89860,69.3,14.4
22858300,-7.1,10999,220070,89860,69.3,14.4
33679100,-6.6,15324,220070,89860,69.3,14.4
26051900,-3.4,12711,220070,89860,69.3,14.4
22787500,0,11438,220070,89860,69.3,14.4
24091450,-1.7,12363,220070,89860,69.3,14.4
20278700,-2.2,10637,220070,89860,69.3,14.4
21593500,-4.6,11226,220070,89860,69.3,14.4
22740200,-3.5,11117,220070,89860,69.3,14.4
33465300,-0.1,15236,220070,89860,69.3,14.4
26212000,1.3,12819,220070,89860,69.3,14.4
22650850,1.7,11788,220070,89860,69.3,14.4
24301900,2.7,12594,220070,89860,69.3,14.4
21820600,2.3,11456,220070,89860,69.3,14.4
21613599,4.2,11299,220070,89860,69.3,14.4
24193200,5.6,11863,220070,89860,69.3,14.4
31851150,3.4,14937,220070,89860,69.3,14.4
24318650,-2.5,12061,220070,89860,69.3,14.4
25363300,-0.9,12237,220070,89860,69.3,14.4
26268100,-0.4,12946,220070,89860,69.3,14.4
19741800,-8.9,10086,220070,89860,69.3,14.4
20688350,-10.2,10602,220070,89860,69.3,14.4
23587100,-6.9,11367,220070,89860,69.3,14.4
30442300,-7.4,13949,220070,89860,69.3,14.4
25378300,-5.9,12413,220070,89860,69.3,14.4
25605200,-4.5,12155,220140,90165,54.2,16.6
26187650,-5.6,12740,220140,90165,54.2,16.6
21922850,-4.3,10979,220140,90165,54.2,16.6
21457600,-2.8,11024,220140,90165,54.2,16.6
22928600,-3.2,11238,220140,90165,54.2,16.6
32192100,-4,15091,220140,90165,54.2,16.6
24879700,-3,12227,220140,90165,54.2,16.6
21277850,-3.4,11154,220140,90165,54.2,16.6
22310600,-4.6,11722,220140,90165,54.2,16.6
21176250,-1.6,11089,220140,90165,54.2,16.6
21755550,1.9,11378,220140,90165,54.2,16.6
19590500,1.9,9613,220140,90165,54.2,16.6
31640050,-0.4,14837,220140,90165,54.2,16.6
24452950,-0.1,12293,220140,90165,54.2,16.6
19089750,-1.3,9659,220140,90165,54.2,16.6
23053600,-5,11960,220140,90165,54.2,16.6
21381300,-0.7,11310,220140,90165,54.2,16.6
21856650,-0.8,11338,220140,90165,54.2,16.6
23005000,2.5,11308,220140,90165,54.2,16.6
30859900,-0.7,14425,220140,90165,54.2,16.6
25098850,-1.2,12545,220140,90165,54.2,16.6
23017100,0.6,11792,220140,90165,54.2,16.6
23674400,1.2,12364,220140,90165,54.2,16.6
21424200,-1.2,11237,220140,90165,54.2,16.6
20683550,-1.8,10945,220140,90165,54.2,16.6
21592250,-3.2,10805,220140,90165,54.2,16.6
28075600,-1.3,12962,220140,90165,54.2,16.6
24552200,1.1,12155,220140,90165,54.2,16.6
23086350,-1.2,11656,220140,90165,54.2,16.6
24727650,1.2,12580,220140,90165,54.2,16.6
22541650,-1.3,11349,220140,90165,54.2,16.6
26021200,-2.5,12843,220239,90578,54.2,16.6
32938550,1.5,15068,220239,90578,54.2,16.6
33308350,3.5,14814,220239,90578,54.2,16.6
34319250,-0.3,15546,220239,90578,54.2,16.6
21214100,1.7,9523,220239,90578,54.2,16.6
29585250,4.7,12586,220239,90578,54.2,16.6
27026150,-0.9,12155,220239,90578,54.2,16.6
22661650,-5.1,11148,220239,90578,54.2,16.6
23637450,-4.3,11341,220239,90578,54.2,16.6
32111900,-4.3,15048,220239,90578,54.2,16.6
26024750,,12647,220239,90578,54.2,16.6
23383750,,11780,220239,90578,54.2,16.6
24147250,-1.8,12346,220239,90578,54.2,16.6
22290550,-0.8,11546,220239,90578,54.2,16.6
20538800,-0.4,10767,220239,90578,54.2,16.6
22903850,-2.1,11197,220239,90578,54.2,16.6
33227900,-2,15325,220239,90578,54.2,16.6
25970450,0.2,12806,220239,90578,54.2,16.6
20661000,0.8,10603,220239,90578,54.2,16.6
24715350,1.6,12566,220239,90578,54.2,16.6
21758750,0.8,11302,220239,90578,54.2,16.6
21018300,2,11037,220239,90578,54.2,16.6
23673900,4.8,11546,220239,90578,54.2,16.6
32440750,4.8,15122,220239,90578,54.2,16.6
25108300,3.2,12465,220239,90578,54.2,16.6
22278950,3.8,11499,220239,90578,54.2,16.6
23637800,6.5,12370,220239,90578,54.2,16.6
20903400,4.6,11086,220239,90578,54.2,16.6
22949000,4.9,11371,220377,90853,54.2,16.6
24304500,6,11756,220377,90853,54.2,16.6
33367500,7.7,15642,220377,90853,54.2,16.6
24360050,7.5,12225,220377,90853,54.2,16.6
21661000,6.9,11492,220377,90853,54.2,16.6
23330350,7,12410,220377,90853,54.2,16.6
21213750,5.3,11489,220377,90853,54.2,16.6
20796550,4.5,11291,220377,90853,54.2,16.6
22999200,6.3,11635,220377,90853,54.2,16.6
32223050,9.6,15656,220377,90853,54.2,16.6
22601600,5.5,11722,220377,90853,54.2,16.6
21194200,4,11389,220377,90853,54.2,16.6
21492950,3.8,11800,220377,90853,54.2,16.6
20304100,4.8,11165,220377,90853,54.2,16.6
18177450,5.5,10116,220377,90853,54.2,16.6
22169000,4.7,11361,220377,90853,54.2,16.6
32330750,5.3,15539,220377,90853,54.2,16.6
24528050,5.8,12726,220377,90853,54.2,16.6
18289300,9.2,9889,220377,90853,54.2,16.6
10302700,9.9,5816,220377,90853,54.2,16.6
18408750,7.6,9940,220377,90853,54.2,16.6
20737400,3.7,11301,220377,90853,54.2,16.6
21373350,3.6,10965,220377,90853,54.2,16.6
32496750,3.5,15628,220377,90853,54.2,16.6
24300100,7.3,12546,220377,90853,54.2,16.6
22122600,9.9,11851,220377,90853,54.2,16.6
22644100,12.4,12274,220377,90853,54.2,16.6
20450200,9,11427,220377,90853,54.2,16.6
20457850,9.3,11519,220377,90853,54.2,16.6
19787850,5.6,10181,220377,90853,54.2,16.6
31218300,4.6,15032,220377,90853,54.2,16.6
25395000,5.2,12908,220081,90999,54.2,16.6
21141300,6,11604,220081,90999,54.2,16.6
22166400,6.7,12328,220081,90999,54.2,16.6
20520250,8.8,11557,220081,90999,54.2,16.6
19475600,10.2,11051,220081,90999,54.2,16.6
21386400,9.6,11245,220081,90999,54.2,16.6
31995300,12.8,15885,220081,90999,54.2,16.6
24178100,10.7,12885,220081,90999,54.2,16.6
17834850,9.2,9963,220081,90999,54.2,16.6
22766200,7.1,12617,220081,90999,54.2,16.6
21124650,8.5,11869,220081,90999,54.2,16.6
20843500,10,11622,220081,90999,54.2,16.6
21756050,11.1,11649,220081,90999,54.2,16.6
29891649,8.9,14766,220081,90999,54.2,16.6
25750250,10.4,13546,220081,90999,54.2,16.6
22183750,13.9,12380,220081,90999,54.2,16.6
22796550,14.4,12791,220081,90999,54.2,16.6
20267100,12.8,11547,220081,90999,54.2,16.6
21341050,13.5,12174,220081,90999,54.2,16.6
22494550,14.5,12009,220081,90999,54.2,16.6
32668450,14.3,16192,220081,90999,54.2,16.6
26662200,18.4,14233,220081,90999,54.2,16.6
22960150,18.7,12829,220081,90999,54.2,16.6
23612400,18,13513,220081,90999,54.2,16.6
18671050,13.9,10804,220081,90999,54.2,16.6
17016400,9,9823,220081,90999,54.2,16.6
24286500,11.4,12764,220081,90999,54.2,16.6
31584050,12,15575,220081,90999,54.2,16.6
25345900,12.3,13594,220081,90999,54.2,16.6
22340800,14.7,12453,220081,90999,54.2,16.6
25537600,14.2,13640,220089,91318,54.2,16.6
23314700,15,12991,220089,91318,54.2,16.6
24233400,16.7,13541,220089,91318,54.2,16.6
24150450,17.7,13391,220089,91318,54.2,16.6
25520650,17.8,13357,220089,91318,54.2,16.6
27895250,13.6,14322,220089,91318,54.2,16.6
25627850,14,13784,220089,91318,54.2,16.6
21725150,15.1,12360,220089,91318,54.2,16.6
22581400,15.8,12798,220089,91318,54.2,16.6
22145750,16.4,12676,220089,91318,54.2,16.6
24345850,18.1,13213,220089,91318,54.2,16.6
34054050,19.4,17313,220089,91318,54.2,16.6
26291450,18.1,14330,220089,91318,54.2,16.6
24130450,19.1,13746,220089,91318,54.2,16.6
24379000,20.2,14072,220089,91318,54.2,16.6
23632450,22.5,13502,220089,91318,54.2,16.6
20382700,22.2,11787,220089,91318,54.2,16.6
25548850,21,13708,220089,91318,54.2,16.6
32969549,19.2,16777,220089,91318,54.2,16.6
28104999,15.8,15127,220089,91318,54.2,16.6
24599850,17,14047,220089,91318,54.2,16.6
24956650,19.3,14470,220089,91318,54.2,16.6
23729900,21.2,13891,220089,91318,54.2,16.6
23864100,23.7,13626,220089,91318,54.2,16.6
26698150,23.1,14449,220089,91318,54.2,16.6
36347800,24.1,18439,220089,91318,54.2,16.6
24850500,17.4,13599,220089,91318,54.2,16.6
26462450,18,15134,220089,91318,54.2,16.6
25317800,19.2,14895,220089,91318,54.2,16.6
22765350,19.4,13527,220089,91318,54.2,16.6
23289450,19,13706,220089,91318,54.2,16.6
25951050,18.2,14040,220085,91538,54.2,16.6
35540000,20.8,18299,220085,91538,54.2,16.6
28262100,22.4,15656,220085,91538,54.2,16.6
25360750,22.3,14920,220085,91538,54.2,16.6
25273900,21.7,14824,220085,91538,54.2,16.6
24681750,21,13443,220085,91538,54.2,16.6
27020650,19.6,14987,220085,91538,54.2,16.6
29452100,21.1,15860,220085,91538,54.2,16.6
34954100,21.1,18141,220085,91538,54.2,16.6
28032050,19,15603,220085,91538,54.2,16.6
25248900,20.1,15134,220085,91538,54.2,16.6
26004900,20.1,15561,220085,91538,54.2,16.6
24389750,22,14632,220085,91538,54.2,16.6
23752550,21.7,14439,220085,91538,54.2,16.6
27816900,21.3,15198,220085,91538,54.2,16.6
35905150,21.4,18892,220085,91538,54.2,16.6
29297950,21,16253,220085,91538,54.2,16.6
25285100,21,15083,220085,91538,54.2,16.6
26108450,21.6,15863,220085,91538,54.2,16.6
24484600,22.1,15005,220085,91538,54.2,16.6
24253350,22.2,14729,220085,91538,54.2,16.6
27691450,23.7,15454,220085,91538,54.2,16.6
37028150,23.5,19391,220085,91538,54.2,16.6
27365000,24,14973,220085,91538,54.2,16.6
27360050,24.6,16225,220085,91538,54.2,16.6
27596200,23.5,16615,220085,91538,54.2,16.6
25859400,24.1,15467,220085,91538,54.2,16.6
25698450,23.7,15533,220085,91538,54.2,16.6
28436600,22.5,15752,220085,91538,54.2,16.6
37316399,23.4,19770,220085,91538,54.2,16.6
30089950,23.3,17062,219975,91658,54.2,16.6
27101800,23.7,16397,219975,91658,54.2,16.6
27765500,23.5,16927,219975,91658,54.2,16.6
26981550,23.7,16094,219975,91658,54.2,16.6
26216200,26.2,16006,219975,91658,54.2,16.6
29864300,28.2,16465,219975,91658,54.2,16.6
38188350,26.2,20159,219975,91658,54.2,16.6
30679950,24.5,17438,219975,91658,54.2,16.6
28317950,24.9,17066,219975,91658,54.2,16.6
24021050,22.1,14419,219975,91658,54.2,16.6
27688850,21.7,16722,219975,91658,54.2,16.6
28308350,23.2,16972,219975,91658,54.2,16.6
29742300,23.2,16467,219975,91658,54.2,16.6
38915050,24.7,20418,219975,91658,54.2,16.6
30420500,23.2,17314,219975,91658,54.2,16.6
29294450,24.6,17568,219975,91658,54.2,16.6
28978950,25.7,17585,219975,91658,54.2,16.6
26465700,26.4,16425,219975,91658,54.2,16.6
27118550,27.7,16356,219975,91658,54.2,16.6
29664200,27.5,16587,219975,91658,54.2,16.6
37818200,24.7,20174,219975,91658,54.2,16.6
29812800,26.5,16758,219975,91658,54.2,16.6
29993700,28,17700,219975,91658,54.2,16.6
29139850,26.1,17558,219975,91658,54.2,16.6
25437700,25.6,15003,219975,91658,54.2,16.6
27948350,25.4,15834,219975,91658,54.2,16.6
33178550,27.6,18303,219975,91658,54.2,16.6
36779550,25.7,19334,219975,91658,54.2,16.6
30954000,27.2,17487,219975,91658,54.2,16.6
29276700,28.4,17315,219975,91658,54.2,16.6
28990800,26.8,17138,219975,91658,54.2,16.6
28491699,27.2,16719,221669,92568,54.2,16.6
28290500,28.6,16348,221669,92568,54.2,16.6
28925050,28.5,16221,221669,92568,54.2,16.6
35122300,28.2,19324,221669,92568,54.2,16.6
30679000,29.9,17373,221669,92568,54.2,16.6
30287600,30.4,17954,221669,92568,54.2,16.6
29611350,27.5,17759,221669,92568,54.2,16.6
27956900,27.9,16914,221669,92568,54.2,16.6
28101000,28.9,17115,221669,92568,54.2,16.6
29500600,30.2,16875,221669,92568,54.2,16.6
36388850,29.7,20064,221669,92568,54.2,16.6
29292750,26.4,16760,221669,92568,54.2,16.6
29695900,28.8,17954,221669,92568,54.2,16.6
28126750,29.9,17363,221669,92568,54.2,16.6
27927950,25.4,16139,221669,92568,54.2,16.6
28699850,25.8,17288,221669,92568,54.2,16.6
27986049,24.6,16356,221669,92568,54.2,16.6
36032650,24.4,20314,221669,92568,54.2,16.6
28896049,25.3,17439,221669,92568,54.2,16.6
26538300,26.8,16812,221669,92568,54.2,16.6
27136350,26.6,17227,221669,92568,54.2,16.6
24885200,26.2,16319,221669,92568,54.2,16.6
20872000,25.4,13467,221669,92568,54.2,16.6
26152500,22.7,16165,221669,92568,54.2,16.6
33535900,23.7,19375,221669,92568,54.2,16.6
28175900,25.3,17279,221669,92568,54.2,16.6
21715000,24,13953,221669,92568,54.2,16.6
25744000,24.9,17010,221669,92568,54.2,16.6
23436150,23.4,15432,221669,92568,54.2,16.6
23262200,22.7,15495,221669,92568,54.2,16.6
11864600,22.4,7765,221669,92568,54.2,16.6
33090800,22.5,19180,222981,93221,54.2,16.6
27715000,24,17105,222981,93221,54.2,16.6
26170950,23,16913,222981,93221,54.2,16.6
23304700,22.9,15162,222981,93221,54.2,16.6
24427650,22.9,15379,222981,93221,54.2,16.6
27509850,25.3,17238,222981,93221,54.2,16.6
23109800,25.9,13652,222981,93221,54.2,16.6
39514800,,22065,222981,93221,54.2,16.6
27680350,23.9,16147,222981,93221,54.2,16.6
27266800,24.5,16411,222981,93221,54.2,16.6
38030100,23.8,22571,222981,93221,54.2,16.6
38199249,20.8,21608,222981,93221,54.2,16.6
27798150,22.2,14581,222981,93221,54.2,16.6
25501000,21.9,12994,222981,93221,54.2,16.6
39524950,23.7,20779,222981,93221,54.2,16.6
27001400,23.5,15690,222981,93221,54.2,16.6
27712350,22.5,17195,222981,93221,54.2,16.6
26327800,20.9,16917,222981,93221,54.2,16.6
24337500,19.1,15643,222981,93221,54.2,16.6
24043200,19.8,15342,222981,93221,54.2,16.6
22677850,18,13485,222981,93221,54.2,16.6
33830650,16.8,18448,222981,93221,54.2,16.6
31181650,18.4,18180,222981,93221,54.2,16.6
24930800,18.2,15899,222981,93221,54.2,16.6
25062050,19.3,16156,222981,93221,54.2,16.6
23840050,20.8,15245,222981,93221,54.2,16.6
24007900,21.9,15454,222981,93221,54.2,16.6
25627950,22.6,15726,222981,93221,54.2,16.6
33875250,21,19603,222981,93221,54.2,16.6
27367550,20.7,16730,222981,93221,54.2,16.6
24919750,21.7,16186,224113,93866,54.2,16.6
19693450,21.7,12650,224113,93866,54.2,16.6
30149500,22.1,17818,224113,93866,54.2,16.6
26654200,21.4,16395,224113,93866,54.2,16.6
24913500,18.9,14992,224113,93866,54.2,16.6
32343350,17.6,18846,224113,93866,54.2,16.6
21511650,14.7,12658,224113,93866,54.2,16.6
25910500,14.8,15936,224113,93866,54.2,16.6
27489750,12.8,16264,224113,93866,54.2,16.6
23316500,14.1,14685,224113,93866,54.2,16.6
22796660,17.9,14451,224113,93866,54.2,16.6
23644040,17.7,14286,224113,93866,54.2,16.6
32608960,15.9,18647,224113,93866,54.2,16.6
24824930,14,15071,224113,93866,54.2,16.6
23657569,13,14679,224113,93866,54.2,16.6
23969460,13.8,15149,224113,93866,54.2,16.6
22194860,14.2,14168,224113,93866,54.2,16.6
21941960,16.2,14017,224113,93866,54.2,16.6
24156009,16,14426,224113,93866,54.2,16.6
32997400,14.9,18253,224113,93866,54.2,16.6
26069640,16,15443,224113,93866,54.2,16.6
24381150,16.2,15259,224113,93866,54.2,16.6
20981340,16.3,12950,224113,93866,54.2,16.6
22979400,18.5,14423,224113,93866,54.2,16.6
22556450,16.3,14009,224113,93866,54.2,16.6
23669680,10.1,13655,224113,93866,54.2,16.6
32537330,10,17749,224113,93866,54.2,16.6
26752470,12.6,15236,224113,93866,54.2,16.6
24633080,12.5,14475,224113,93866,54.2,16.6
24795450,10.4,14770,224113,93866,54.2,16.6
23738220,13.7,14083,224113,93866,54.2,16.6
23805430,14.3,14062,225446,94582,54.2,16.6
26124030,13.1,14127,225446,94582,54.2,16.6
35991370,13,18198,225446,94582,54.2,16.6
29884940,12.6,15969,225446,94582,54.2,16.6
26932150,11,15003,225446,94582,54.2,16.6
26734990,10.2,15061,225446,94582,54.2,16.6
24817840,9.3,13892,225446,94582,54.2,16.6
25250150,5.9,13678,225446,94582,54.2,16.6
24999700,7.7,12237,225446,94582,54.2,16.6
34059330,9.5,16041,225446,94582,54.2,16.6
33112849,11.1,16189,225446,94582,54.2,16.6
29496950,8.7,15096,225446,94582,54.2,16.6
26873300,7.5,13678,225446,94582,54.2,16.6
27324830,1.7,13609,225446,94582,54.2,16.6
27257490,6.7,12769,225446,94582,54.2,16.6
35621229,8.4,15263,225446,94582,54.2,16.6
35006610,9.1,14463,225446,94582,54.2,16.6
36350450,5.6,16172,225446,94582,54.2,16.6
29135850,1.6,14068,225446,94582,54.2,16.6
28947640,0.8,14026,225446,94582,54.2,16.6
28091030,4.4,13756,225446,94582,54.2,16.6
29999699,9.3,14228,225446,94582,54.2,16.6
33724980,10.5,14486,225446,94582,54.2,16.6
40468010,10.2,17051,225446,94582,54.2,16.6
31727140,2.2,14787,225446,94582,54.2,16.6
28996100,6.5,14469,225446,94582,54.2,16.6
27682050,3.8,14044,225446,94582,54.2,16.6
26224950,3.7,13383,225446,94582,54.2,16.6
25356740,1.6,13041,225446,94582,54.2,16.6
29217610,4,13629,225446,94582,54.2,16.6
34700060,5.4,15616,226379,95209,54.2,16.6
29804770,1.2,14600,226379,95209,54.2,16.6
24360959,0,12739,226379,95209,54.2,16.6
26908420,2.8,13932,226379,95209,54.2,16.6
22114530,,11749,226379,95209,54.2,16.6
21969090,,11818,226379,95209,54.2,16.6
24884650,-2.4,12311,226379,95209,54.2,16.6
34327450,-1.5,16387,226379,95209,54.2,16.6
27642450,2.7,13890,226379,95209,54.2,16.6
24496090,7.1,12998,226379,95209,54.2,16.6
24457099,5.8,13001,226379,95209,54.2,16.6
22621120,-0.3,12330,226379,95209,54.2,16.6
22354238,1.3,12111,226379,95209,54.2,16.6
24454400,2.4,12414,226379,95209,54.2,16.6
33811050,4.3,16495,226379,95209,54.2,16.6
27463249,7.7,14170,226379,95209,54.2,16.6
23624590,7.6,12492,226379,95209,54.2,16.6
24167640,1.3,13502,226379,95209,54.2,16.6
20878650,-0.3,11639,226379,95209,54.2,16.6
21162280,-0.9,11683,226379,95209,54.2,16.6
22625790,-0.9,11856,226379,95209,54.2,16.6
32207429,3.3,15910,226379,95209,54.2,16.6
25587400,3,13170,226379,95209,54.2,16.6
22005889,0.4,12086,226379,95209,54.2,16.6
26618440,1.2,13708,226379,95209,54.2,16.6
23428100,2,12158,226379,95209,54.2,16.6
22954300,-1.5,12166,226379,95209,54.2,16.6
24413600,0,12589,226379,95209,54.2,16.6
31287990,2.5,15274,226379,95209,54.2,16.6
25265680,2.7,12781,226379,95209,54.2,16.6
23367710,-6.7,12528,226379,95209,54.2,16.6
27632900,-2.5,13932,226736,95594,52.5,17.3
25351530,0.8,12878,226736,95594,52.5,17.3
22252680,-0.1,11865,226736,95594,52.5,17.3
24548490,0.9,12473,226736,95594,52.5,17.3
33540789,-0.1,16461,226736,95594,52.5,17.3
23477339,3.1,12238,226736,95594,52.5,17.3
20328120,7.6,10793,226736,95594,52.5,17.3
27349110,3,14268,226736,95594,52.5,17.3
22291910,-0.3,12170,226736,95594,52.5,17.3
21799670,-0.9,11881,226736,95594,52.5,17.3
23297160,-0.4,11864,226736,95594,52.5,17.3
32339690,-0.3,15910,226736,95594,52.5,17.3
25262330,-1.9,12972,226736,95594,52.5,17.3
23602990,-2.1,12449,226736,95594,52.5,17.3
23474590,-2.4,12704,226736,95594,52.5,17.3
21763120,-1.9,11866,226736,95594,52.5,17.3
22200510,-1.3,11982,226736,95594,52.5,17.3
23851530,-1.1,12152,226736,95594,52.5,17.3
32717499,1.4,15822,226736,95594,52.5,17.3
27057040,1.2,13494,226736,95594,52.5,17.3
25528070,-1,13005,226736,95594,52.5,17.3
28412330,1.4,14205,226736,95594,52.5,17.3
34853460,4.3,17597,226736,95594,52.5,17.3
38599450,2.5,18554,226736,95594,52.5,17.3
22759179,3.1,10593,226736,95594,52.5,17.3
26979770,5,12177,226736,95594,52.5,17.3
30716679,5.5,14127,226736,95594,52.5,17.3
31765300,7.2,15294,226736,95594,52.5,17.3
28842600,6.2,14462,226736,95594,52.5,17.3
25739700,5.1,13460,226736,95594,52.5,17.3
24920050,2.8,12870,226736,95594,52.5,17.3
36065740,5.1,17828,227112,96259,52.5,17.3
26636150,3.3,13953,227112,96259,52.5,17.3
25011369,4.8,13670,227112,96259,52.5,17.3
22681700,2.5,12405,227112,96259,52.5,17.3
23484150,1.2,12930,227112,96259,52.5,17.3
22560069,3.1,12683,227112,96259,52.5,17.3
25924750,5.2,13648,227112,96259,52.5,17.3
35776869,7.4,17923,227112,96259,52.5,17.3
25356340,9.5,13620,227112,96259,52.5,17.3
21677850,6.4,11992,227112,96259,52.5,17.3
25875600,3.5,14371,227112,96259,52.5,17.3
23290230,6.5,13058,227112,96259,52.5,17.3
22177420,5.6,12390,227112,96259,52.5,17.3
24694290,4.2,12963,227112,96259,52.5,17.3
20207909,4.4,10339,227112,96259,52.5,17.3
26608130,3.2,13991,227112,96259,52.5,17.3
23825280,5.9,13243,227112,96259,52.5,17.3
26188860,8.9,14590,227112,96259,52.5,17.3
20953290,8.5,11736,227112,96259,52.5,17.3
24717600,8.8,13596,227112,96259,52.5,17.3
26313200,12.2,13841,227112,96259,52.5,17.3
34896670,11,17744,227112,96259,52.5,17.3
25957969,9.4,13903,227112,96259,52.5,17.3
24500810,9.9,13935,227112,96259,52.5,17.3
25889630,11.9,14533,227112,96259,52.5,17.3
23093730,14,13287,227112,96259,52.5,17.3
22818800,11.5,12885,227112,96259,52.5,17.3
25588229,7.7,13747,227112,96259,52.5,17.3
35028610,7.8,17806,227112,96259,52.5,17.3
25411580,8.9,14087,227112,96259,52.5,17.3
24105950,10.3,13881,227112,96259,52.5,17.3
24102310,10.8,13597,227550,96525,52.5,17.3
23066130,9.2,13342,227550,96525,52.5,17.3
21921728,9.2,12809,227550,96525,52.5,17.3
24883940,9,13296,227550,96525,52.5,17.3
34506669,6.8,17699,227550,96525,52.5,17.3
25267640,8.6,13711,227550,96525,52.5,17.3
24138790,10,13869,227550,96525,52.5,17.3
24280360,8.8,13867,227550,96525,52.5,17.3
22518540,8.5,13065,227550,96525,52.5,17.3
22341160,9.8,12936,227550,96525,52.5,17.3
24358560,8.3,13359,227550,96525,52.5,17.3
23548780,9.7,12332,227550,96525,52.5,17.3
25664530,10.9,14023,227550,96525,52.5,17.3
23257700,11.7,13322,227550,96525,52.5,17.3
26654720,12.1,15042,227550,96525,52.5,17.3
24173750,15.4,13793,227550,96525,52.5,17.3
21949740,12.9,12371,227550,96525,52.5,17.3
26217230,13.5,14303,227550,96525,52.5,17.3
29808670,11.6,15449,227550,96525,52.5,17.3
26552010,10.3,14470,227550,96525,52.5,17.3
23152340,7.7,13189,227550,96525,52.5,17.3
23164050,7.1,13238,227550,96525,52.5,17.3
22753470,8.5,12984,227550,96525,52.5,17.3
22781150,10.3,12863,227550,96525,52.5,17.3
24668970,13.5,13397,227550,96525,52.5,17.3
33374050,12,17357,227550,96525,52.5,17.3
25803150,11.8,14156,227550,96525,52.5,17.3
24663980,13.2,14125,227550,96525,52.5,17.3
25136270,14.7,14599,227550,96525,52.5,17.3
25639200,16.8,14354,227550,96525,52.5,17.3
25802950,21,14036,227749,96896,52.5,17.3
26063350,20.9,14020,227749,96896,52.5,17.3
32008090,20.5,16858,227749,96896,52.5,17.3
27461520,18.9,14997,227749,96896,52.5,17.3
27921390,14.4,15080,227749,96896,52.5,17.3
29496050,18,16235,227749,96896,52.5,17.3
25473670,19.8,14578,227749,96896,52.5,17.3
23463660,18.6,13735,227749,96896,52.5,17.3
24092940,14.6,12584,227749,96896,52.5,17.3
37704040,14,19500,227749,96896,52.5,17.3
28321090,16.6,15501,227749,96896,52.5,17.3
25709540,14.2,14752,227749,96896,52.5,17.3
27360960,15.5,15856,227749,96896,52.5,17.3
25430290,19.7,14741,227749,96896,52.5,17.3
21700250,15.9,12290,227749,96896,52.5,17.3
28772350,16.3,15491,227749,96896,52.5,17.3
38819930,19.2,19844,227749,96896,52.5,17.3
24908410,19.1,13712,227749,96896,52.5,17.3
29001060,13.2,15928,227749,96896,52.5,17.3
28301570,14.3,15964,227749,96896,52.5,17.3
24603970,16.9,14293,227749,96896,52.5,17.3
24990840,18.1,14601,227749,96896,52.5,17.3
28678420,20.2,15575,227749,96896,52.5,17.3
36067619,17.1,18650,227749,96896,52.5,17.3
28835340,15.5,15910,227749,96896,52.5,17.3
26105840,16.3,15104,227749,96896,52.5,17.3
28085090,17.6,16229,227749,96896,52.5,17.3
26303689,18.4,15098,227749,96896,52.5,17.3
26077730,20,15269,227749,96896,52.5,17.3
29194310,22.2,15722,227749,96896,52.5,17.3
39044469,20.6,20000,227749,96896,52.5,17.3
29392900,19.6,16245,228111,97348,52.5,17.3
26328520,18.5,15440,228111,97348,52.5,17.3
29066370,22,16921,228111,97348,52.5,17.3
27058010,22.9,15861,228111,97348,52.5,17.3
26180850,21.9,15164,228111,97348,52.5,17.3
31192700,23.7,16529,228111,97348,52.5,17.3
39918699,21.9,20581,228111,97348,52.5,17.3
31456400,24.3,17403,228111,97348,52.5,17.3
29957149,25.7,17391,228111,97348,52.5,17.3
26821840,25.6,15609,228111,97348,52.5,17.3
30029170,25.2,17442,228111,97348,52.5,17.3
27370700,23.2,15965,228111,97348,52.5,17.3
31035170,25.8,16618,228111,97348,52.5,17.3
41617940,23.1,21461,228111,97348,52.5,17.3
31836000,22.4,17715,228111,97348,52.5,17.3
29754698,23.6,17481,228111,97348,52.5,17.3
29030199,23.3,17572,228111,97348,52.5,17.3
27161350,22.3,16648,228111,97348,52.5,17.3
27414649,23.8,16478,228111,97348,52.5,17.3
30715200,24.1,16979,228111,97348,52.5,17.3
39873240,24.9,21008,228111,97348,52.5,17.3
32236400,26.5,18076,228111,97348,52.5,17.3
30073850,25.7,18197,228111,97348,52.5,17.3
26377030,22,15730,228111,97348,52.5,17.3
29034640,21.5,17680,228111,97348,52.5,17.3
27003130,22.1,16302,228111,97348,52.5,17.3
30850190,23.8,17252,228111,97348,52.5,17.3
39464110,23.8,21262,228111,97348,52.5,17.3
27202240,22.2,15599,228111,97348,52.5,17.3
29946200,20.1,17433,228111,97348,52.5,17.3
30538089,20.2,18365,228323,97673,52.5,17.3
27758030,23.3,17216,228323,97673,52.5,17.3
27252710,23.1,16659,228323,97673,52.5,17.3
30995790,22.3,17477,228323,97673,52.5,17.3
39328739,23,21383,228323,97673,52.5,17.3
31279700,24.9,18207,228323,97673,52.5,17.3
29562020,23.5,18033,228323,97673,52.5,17.3
29928990,23.8,18419,228323,97673,52.5,17.3
28812620,26.5,17628,228323,97673,52.5,17.3
27351940,25.6,16983,228323,97673,52.5,17.3
31488189,25.8,17949,228323,97673,52.5,17.3
36190070,22.5,19636,228323,97673,52.5,17.3
28501710,18.6,15823,228323,97673,52.5,17.3
32322630,20.4,19065,228323,97673,52.5,17.3
31507550,22,18760,228323,97673,52.5,17.3
29040930,23.3,17577,228323,97673,52.5,17.3
29290549,24.7,17494,228323,97673,52.5,17.3
32672140,25.2,18293,228323,97673,52.5,17.3
40247130,24.8,21582,228323,97673,52.5,17.3
32118020,23.8,18354,228323,97673,52.5,17.3
31665380,25.1,19138,228323,97673,52.5,17.3
28431500,22.2,16792,228323,97673,52.5,17.3
22702060,21.2,13276,228323,97673,52.5,17.3
33288090,22.8,19511,228323,97673,52.5,17.3
33335120,24.8,18674,228323,97673,52.5,17.3
41218810,24.1,22247,228323,97673,52.5,17.3
31878550,24.1,18346,228323,97673,52.5,17.3
30665920,23.5,18376,228323,97673,52.5,17.3
28530559,24.4,16937,228323,97673,52.5,17.3
30790070,24.7,18524,228323,97673,52.5,17.3
29584079,25.6,17836,228323,97673,52.5,17.3
29826050,25.8,17047,228768,98150,52.5,17.3
36029680,25,19337,228768,98150,52.5,17.3
29259210,24.3,16308,228768,98150,52.5,17.3
34325750,27.1,20156,228768,98150,52.5,17.3
30936130,26.8,18596,228768,98150,52.5,17.3
28324010,24.3,16984,228768,98150,52.5,17.3
28667550,23.3,17312,228768,98150,52.5,17.3
27531900,23.4,15761,228768,98150,52.5,17.3
39068900,24.8,21440,228768,98150,52.5,17.3
28731840,26,17073,228768,98150,52.5,17.3
29680970,24.6,18306,228768,98150,52.5,17.3
28619645,26.5,18295,228768,98150,52.5,17.3
27386152,27.9,17696,228768,98150,52.5,17.3
26568731,27.4,17185,228768,98150,52.5,17.3
26740641,26.2,16035,228768,98150,52.5,17.3
33942989,27.5,19907,228768,98150,52.5,17.3
33230987,27.8,19786,228768,98150,52.5,17.3
30668005,26.6,19109,228768,98150,52.5,17.3
29425275,26.4,18887,228768,98150,52.5,17.3
27297942,27.2,18009,228768,98150,52.5,17.3
26577946,27.2,17563,228768,98150,52.5,17.3
26220056,24.1,16239,228768,98150,52.5,17.3
41488073,25.3,24201,228768,98150,52.5,17.3
28974388,27.2,18478,228768,98150,52.5,17.3
27519660,29.2,18675,228768,98150,52.5,17.3
28082867,29.3,19003,228768,98150,52.5,17.3
24118454,27.5,16629,228768,98150,52.5,17.3
26317918,27.6,17836,228768,98150,52.5,17.3
27726556,26.1,17518,228768,98150,52.5,17.3
38428664,26.5,23212,228768,98150,52.5,17.3
29235249,26.6,18984,228768,98150,52.5,17.3
27081225,26,18798,229249,98610,52.5,17.3
23206961,23.7,15854,229249,98610,52.5,17.3
27127988,22.5,18310,229249,98610,52.5,17.3
26421451,22.9,17745,229249,98610,52.5,17.3
28356857,22.3,18357,229249,98610,52.5,17.3
32678520,20.9,20100,229249,98610,52.5,17.3
22399448,18.9,13850,229249,98610,52.5,17.3
32102168,23.2,20865,229249,98610,52.5,17.3
24862504,20.5,16870,229249,98610,52.5,17.3
25739632,21.9,17662,229249,98610,52.5,17.3
22506271,21.7,15758,229249,98610,52.5,17.3
25831958,19.7,16551,229249,98610,52.5,17.3
36490679,21.1,22360,229249,98610,52.5,17.3
26228942,20.8,17384,229249,98610,52.5,17.3
25050029,22.4,17143,229249,98610,52.5,17.3
24007100,20.9,16785,229249,98610,52.5,17.3
23853870,20.4,16440,229249,98610,52.5,17.3
23363400,20.8,16098,229249,98610,52.5,17.3
25378330,19.6,16230,229249,98610,52.5,17.3
34010490,18.6,20755,229249,98610,52.5,17.3
26208150,17.9,16915,229249,98610,52.5,17.3
24142080,19.1,16402,229249,98610,52.5,17.3
24839610,18.9,16696,229249,98610,52.5,17.3
23452570,20.6,15824,229249,98610,52.5,17.3
23263730,20.3,15524,229249,98610,52.5,17.3
26519270,19.8,16321,229249,98610,52.5,17.3
36082130,19.2,21134,229249,98610,52.5,17.3
27829470,19.2,17371,229249,98610,52.5,17.3
31815030,18.6,20221,229249,98610,52.5,17.3
37606580,18.9,22439,229249,98610,52.5,17.3
27364030,18.3,15375,229424,98897,52.5,17.3
26484660,19.3,14842,229424,98897,52.5,17.3
31100980,19.4,17010,229424,98897,52.5,17.3
35361830,17.1,20146,229424,98897,52.5,17.3
27580250,13.6,16477,229424,98897,52.5,17.3
25249110,13.8,16043,229424,98897,52.5,17.3
25797220,15.3,16461,229424,98897,52.5,17.3
23912120,16.8,15342,229424,98897,52.5,17.3
24807750,16.7,15083,229424,98897,52.5,17.3
26147770,16.2,15529,229424,98897,52.5,17.3
35357130,16,20161,229424,98897,52.5,17.3
26417670,15.5,16138,229424,98897,52.5,17.3
24573040,12.4,15625,229424,98897,52.5,17.3
24142360,12.7,15063,229424,98897,52.5,17.3
23032310,11.2,14579,229424,98897,52.5,17.3
22360890,11.6,14254,229424,98897,52.5,17.3
25345830,12.5,14921,229424,98897,52.5,17.3
34737930,12.1,19545,229424,98897,52.5,17.3
26906320,13.6,15939,229424,98897,52.5,17.3
25121720,13.8,15363,229424,98897,52.5,17.3
24130200,13.3,15143,229424,98897,52.5,17.3
23693450,12.9,14629,229424,98897,52.5,17.3
22350550,8.9,13867,229424,98897,52.5,17.3
24738940,8.1,14099,229424,98897,52.5,17.3
35206961,10.8,19105,229424,98897,52.5,17.3
27336421,11.7,15648,229424,98897,52.5,17.3
24788277,12.4,15005,229424,98897,52.5,17.3
25177083,13.3,15146,229424,98897,52.5,17.3
24162475,9.6,14453,229424,98897,52.5,17.3
23816324,10.1,14265,229424,98897,52.5,17.3
25569775,12.6,14415,229424,98897,52.5,17.3
